"Transaction Hash","Blockno","UnixTimestamp","DateTime (UTC)","From","To","ContractAddress","Value_IN(ETH)","Value_OUT(ETH)","CurrentValue @ $3559.97830110987/Eth","TxnFee(ETH)","TxnFee(USD)","Historical $Price/Eth","Status","ErrCode","Method"
"0xd0a67ea5439b838583c9dd5757fa6411cfadf1b784ee4d1719d5bbf0b7a2d283","12499365","1621890202","2021-05-24 21:03:22","0x1c0aa8ccd568d90d61659f060d1bfb1e6f855a20","0x7106bb3faaa84fff35ed57405d24d47dea6df183","","0","0","0","0.005919927","21.0748116641544","2648.77","","","Mint"
"0x68c0f3cccab47ea94770bdc90477d860d67fbbb295f85b4c1ce9ddd8e263dd43","12499402","1621890757","2021-05-24 21:12:37","0x1c0aa8ccd568d90d61659f060d1bfb1e6f855a20","0x7106bb3faaa84fff35ed57405d24d47dea6df183","","0","0","0","0.0063000168","22.4279231046276","2648.77","","","Gov Token URI"
"0xc9b75566e0df682dfa7884c38deb068244e238444f2309d0a839359ad72adba5","12499480","1621891585","2021-05-24 21:26:25","0x1c0aa8ccd568d90d61659f060d1bfb1e6f855a20","0x7106bb3faaa84fff35ed57405d24d47dea6df183","","0","0","0","0.00181436","6.4590822304017","2648.77","","","Gov Token URI"
"0x1c95c655ead14f53ddfa1ee7cccdcd51ea9bf7b3e9ab59d776790d9890b81b83","12499530","1621892455","2021-05-24 21:40:55","0x1c0aa8ccd568d90d61659f060d1bfb1e6f855a20","0x7106bb3faaa84fff35ed57405d24d47dea6df183","","0","0","0","0.002359552","8.3999539203404","2648.77","","","Update Base URI"
"0xa7e7b6bf9f85c7158ff257a03e3ee35e1b578952b5add783440498ca6ce3d5b2","12499710","1621894518","2021-05-24 22:15:18","0x1c0aa8ccd568d90d61659f060d1bfb1e6f855a20","0x7106bb3faaa84fff35ed57405d24d47dea6df183","","0","0","0","0.004651919","16.5607306985207","2648.77","","","Mint"
"0x6846e9ddb7f348fe9cc93c2ea2b0c007a0b99493293b2b98eabb6598c0699243","12499716","1621894567","2021-05-24 22:16:07","0x1c0aa8ccd568d90d61659f060d1bfb1e6f855a20","0x7106bb3faaa84fff35ed57405d24d47dea6df183","","0","0","0","0.004453425","15.8540963656202","2648.77","","","Mint"
"0xa37a1b9cefddce20f290324a5f3ecf375ee49438edb1c9bbdca4078abea7c5f8","12499716","1621894567","2021-05-24 22:16:07","0x1c0aa8ccd568d90d61659f060d1bfb1e6f855a20","0x7106bb3faaa84fff35ed57405d24d47dea6df183","","0","0","0","0.004453965","15.8560187539028","2648.77","","","Mint"
"0x9657d25ac955b539046fda82013c1f694d6eb773cbeeb8e29f77a1fbb21c7c1e","12499716","1621894567","2021-05-24 22:16:07","0x1c0aa8ccd568d90d61659f060d1bfb1e6f855a20","0x7106bb3faaa84fff35ed57405d24d47dea6df183","","0","0","0","0.004453965","15.8560187539028","2648.77","","","Mint"
"0xcbb145daf4c79651cb634eb0983e8a1945de1ae2baf7605cec05d3eedb545a1e","12499716","1621894567","2021-05-24 22:16:07","0x1c0aa8ccd568d90d61659f060d1bfb1e6f855a20","0x7106bb3faaa84fff35ed57405d24d47dea6df183","","0","0","0","0.004453425","15.8540963656202","2648.77","","","Mint"
"0x00fce59ca35a38750b75932858d7c45d3146522d189117db20a794d2faa3e9bf","12499716","1621894567","2021-05-24 22:16:07","0x1c0aa8ccd568d90d61659f060d1bfb1e6f855a20","0x7106bb3faaa84fff35ed57405d24d47dea6df183","","0","0","0","0.004453965","15.8560187539028","2648.77","","","Mint"
"0xa3d987cf9d248799fdb3de5706d5fd39926b5faa710c4d4510029d2e85ccee25","12499716","1621894567","2021-05-24 22:16:07","0x1c0aa8ccd568d90d61659f060d1bfb1e6f855a20","0x7106bb3faaa84fff35ed57405d24d47dea6df183","","0","0","0","0.00455239","16.2064096181896","2648.77","","","Mint"
"0x6e72ec3a9613682f4fb30c44b3b7201abc8ac46073edcc89f768cb2a5559a3ca","12499720","1621894625","2021-05-24 22:17:05","0x1c0aa8ccd568d90d61659f060d1bfb1e6f855a20","0x7106bb3faaa84fff35ed57405d24d47dea6df183","","0","0","0","0.004354988","15.5036627815939","2648.77","","","Mint"
"0xa3bbad9973211264ce5a4e3a17fe6d7b0e2cac2ae037c948edf203d99222a371","12499720","1621894625","2021-05-24 22:17:05","0x1c0aa8ccd568d90d61659f060d1bfb1e6f855a20","0x7106bb3faaa84fff35ed57405d24d47dea6df183","","0","0","0","0.004354988","15.5036627815939","2648.77","","","Mint"
"0x3fb187c1fd87c72d989757a6d1dfbc8921bfe1ccfb087752dba98d51280e291b","12500707","1621908070","2021-05-25 02:01:10","0x1c0aa8ccd568d90d61659f060d1bfb1e6f855a20","0x7106bb3faaa84fff35ed57405d24d47dea6df183","","0","0","0","0.003886374","13.8354071099976","2707.49","","","Gov Token URI"
"0xff9882ef102e7eac206220ac05a10e512330a1b093179b5f9559a4de4b4f039c","12500707","1621908070","2021-05-25 02:01:10","0x1c0aa8ccd568d90d61659f060d1bfb1e6f855a20","0x7106bb3faaa84fff35ed57405d24d47dea6df183","","0","0","0","0.003886374","13.8354071099976","2707.49","","","Gov Token URI"
"0xecd8ad1ddd0203664f43fd05176a412c6480ce05da788ff931cb81dbc246fa6a","12500707","1621908070","2021-05-25 02:01:10","0x1c0aa8ccd568d90d61659f060d1bfb1e6f855a20","0x7106bb3faaa84fff35ed57405d24d47dea6df183","","0","0","0","0.003886374","13.8354071099976","2707.49","","","Gov Token URI"
"0x15abbd75dd3ac8baef785b30e268627525ea699fb440fb93a69db5418ed47145","12500707","1621908070","2021-05-25 02:01:10","0x1c0aa8ccd568d90d61659f060d1bfb1e6f855a20","0x7106bb3faaa84fff35ed57405d24d47dea6df183","","0","0","0","0.003886374","13.8354071099976","2707.49","","","Gov Token URI"
"0x1e4b35835d92f411023803ced66b27d82d05678f3bc069b6c36403562b297d91","12500707","1621908070","2021-05-25 02:01:10","0x1c0aa8ccd568d90d61659f060d1bfb1e6f855a20","0x7106bb3faaa84fff35ed57405d24d47dea6df183","","0","0","0","0.003886374","13.8354071099976","2707.49","","","Gov Token URI"
"0x8f8fdfe169ac1d7a1bfbc3d2b87348063e8a816804b403317c0a88966d230181","12500709","1621908094","2021-05-25 02:01:34","0x1c0aa8ccd568d90d61659f060d1bfb1e6f855a20","0x7106bb3faaa84fff35ed57405d24d47dea6df183","","0","0","0","0.003886374","13.8354071099976","2707.49","","","Gov Token URI"
"0x802fdb5ca3e56a6d5d33b8f5a855090731ff580455cec23818eee9bb85e2d16a","12500709","1621908094","2021-05-25 02:01:34","0x1c0aa8ccd568d90d61659f060d1bfb1e6f855a20","0x7106bb3faaa84fff35ed57405d24d47dea6df183","","0","0","0","0.003886374","13.8354071099976","2707.49","","","Gov Token URI"
"0x0544fc77b1bb44ce57f7ac542b597641407e8c752fb7198f0944f8db7bbd6b71","12500709","1621908094","2021-05-25 02:01:34","0x1c0aa8ccd568d90d61659f060d1bfb1e6f855a20","0x7106bb3faaa84fff35ed57405d24d47dea6df183","","0","0","0","0.003886374","13.8354071099976","2707.49","","","Gov Token URI"
"0xed6ee17d05043a045e181058be3173502f59e9326aee4fe258cc882f4ff75a63","12500709","1621908094","2021-05-25 02:01:34","0x1c0aa8ccd568d90d61659f060d1bfb1e6f855a20","0x7106bb3faaa84fff35ed57405d24d47dea6df183","","0","0","0","0.0040500108","14.4179505672606","2707.49","","","Gov Token URI"
"0x806d1a621f2230ca83ba28a6e127382ea069fe1c8deba4ddf9f4aa4427fefb4f","12505346","1621970551","2021-05-25 19:22:31","0x1c0aa8ccd568d90d61659f060d1bfb1e6f855a20","0x7106bb3faaa84fff35ed57405d24d47dea6df183","","0","0","0","0.001153945","4.10801916067423","2707.49","","","Transfer Governance"
"0x8e5e53f27e3102531c53d40c08bd8ec2e3d3105c45f076dcf90f63fff3e99029","13843164","1640018131","2021-12-20 16:35:31","0x3cd751e6b0078be393132286c442345e5dc49699","0x7106bb3faaa84fff35ed57405d24d47dea6df183","","0.0787752","0","280.43800266559","0.00166453730174451","5.92571667559843","3945.57","Error(0)","Reverted","Transfer"
"0xae925403e468a0b80cff9adc1569aab6661a30216f92479c418843aaaf93409f","13843198","1640018487","2021-12-20 16:41:27","0xddfabcdc4d8ffc6d5beaf154f18b778f892a0740","0x7106bb3faaa84fff35ed57405d24d47dea6df183","","0.07868729","0","280.12504497314","0.00141704010275046","5.04463201759414","3945.57","Error(0)","Reverted","Transfer"
